{
    "exact_memorization": 0.5721118624508381,
    "extraction_strength": 0.06065729645315652,
    "forget_Q_A_PARA_Prob": 0.024614330067124685,
    "forget_Q_A_PARA_ROUGE": 0.2712387994662841,
    "forget_Q_A_PERT_Prob": 0.02014717040970572,
    "forget_Q_A_PERT_ROUGE": 0.2686205909922663,
    "forget_Q_A_Prob": 0.06658194438401552,
    "forget_Q_A_ROUGE": 0.34240241650577263,
    "forget_Q_A_gibberish": 0.8793057717161719,
    "forget_quality": 0.5234101030810641,
    "forget_truth_ratio": 0.6234981409483626,
    "mia_gradnorm": 0.219121875,
    "mia_loss": 0.349425,
    "mia_min_k": 0.345675,
    "mia_min_k_plus_plus": 0.3742,
    "mia_zlib": 0.27923125000000004,
    "model_utility": 0.5867846612397597,
    "privleak": 5.982871372358073,
    "ra_Q_A_PERT_Prob": 0.0031482201806025977,
    "ra_Q_A_Prob": 0.007437387613151714,
    "ra_Q_A_Prob_normalised": 0.3781548205155515,
    "ra_Q_A_ROUGE": 0.7845,
    "ra_Truth_Ratio": 0.5072895525148835,
    "retain_Q_A_PARA_Prob": 0.06851786296174396,
    "retain_Q_A_PERT_Prob": 0.027562271102251745,
    "retain_Q_A_Prob": 0.8883473846316338,
    "retain_Q_A_ROUGE": 0.7612720962864487,
    "retain_Truth_Ratio": 0.5478434745048436,
    "wf_Q_A_PERT_Prob": 0.001100983375460339,
    "wf_Q_A_Prob": 0.0034876676429020054,
    "wf_Q_A_Prob_normalised": 0.4260065309709276,
    "wf_Q_A_ROUGE": 0.8433048433048432,
    "wf_Truth_Ratio": 0.6061933942157706
}