{
    "exact_memorization": 0.5537806706689298,
    "extraction_strength": 0.07943015296129576,
    "forget_Q_A_PARA_Prob": 0.014744515964207516,
    "forget_Q_A_PARA_ROUGE": 0.19040597549719998,
    "forget_Q_A_PERT_Prob": 0.009217177809402647,
    "forget_Q_A_PERT_ROUGE": 0.18035885015695713,
    "forget_Q_A_Prob": 0.1030555832437674,
    "forget_Q_A_ROUGE": 0.27563414387673724,
    "forget_Q_A_gibberish": 0.6229985864221816,
    "forget_quality": 3.647961791830168e-11,
    "forget_truth_ratio": 0.44207763337964806,
    "mia_gradnorm": 0.0959375,
    "mia_loss": 0.32315,
    "mia_min_k": 0.30469375000000004,
    "mia_min_k_plus_plus": 0.21087499999999998,
    "mia_zlib": 0.2680625,
    "model_utility": 0.5797698566579729,
    "privleak": 12.620720372113029,
    "ra_Q_A_PERT_Prob": 0.0065216673508333165,
    "ra_Q_A_Prob": 0.017061869368917543,
    "ra_Q_A_Prob_normalised": 0.4169293069455554,
    "ra_Q_A_ROUGE": 0.7384999999999999,
    "ra_Truth_Ratio": 0.5192075774862136,
    "retain_Q_A_PARA_Prob": 0.07606584571534768,
    "retain_Q_A_PERT_Prob": 0.03388789654280318,
    "retain_Q_A_Prob": 0.7370149873197078,
    "retain_Q_A_ROUGE": 0.6099509179534577,
    "retain_Truth_Ratio": 0.5159984262067469,
    "wf_Q_A_PERT_Prob": 0.0030015019998529966,
    "wf_Q_A_Prob": 0.009236514602473775,
    "wf_Q_A_Prob_normalised": 0.4736683236949922,
    "wf_Q_A_ROUGE": 0.7980056980056981,
    "wf_Truth_Ratio": 0.6467435545777335
}