{
    "exact_memorization": 0.627311742529273,
    "extraction_strength": 0.06638347499210948,
    "forget_Q_A_PARA_Prob": 0.03345888830459444,
    "forget_Q_A_PARA_ROUGE": 0.25021860064284424,
    "forget_Q_A_PERT_Prob": 0.025740049790339982,
    "forget_Q_A_PERT_ROUGE": 0.24290325982470243,
    "forget_Q_A_Prob": 0.07473706048142048,
    "forget_Q_A_ROUGE": 0.3410112916173982,
    "forget_Q_A_gibberish": 0.9002147485129535,
    "forget_quality": 0.6405071979325999,
    "forget_truth_ratio": 0.6258367419800337,
    "mia_gradnorm": 0.173765625,
    "mia_loss": 0.2917375,
    "mia_min_k": 0.2568875,
    "mia_min_k_plus_plus": 0.22781875,
    "mia_zlib": 0.24184375,
    "model_utility": 0.5834914163650745,
    "privleak": 20.36403393000928,
    "ra_Q_A_PERT_Prob": 0.0069382566018650026,
    "ra_Q_A_Prob": 0.01735617448168341,
    "ra_Q_A_Prob_normalised": 0.4190839152183798,
    "ra_Q_A_ROUGE": 0.8095,
    "ra_Truth_Ratio": 0.5277090274878588,
    "retain_Q_A_PARA_Prob": 0.09448125983588397,
    "retain_Q_A_PERT_Prob": 0.04260621623349522,
    "retain_Q_A_Prob": 0.7913585349917411,
    "retain_Q_A_ROUGE": 0.6656066765981851,
    "retain_Truth_Ratio": 0.4931647826764992,
    "wf_Q_A_PERT_Prob": 0.0023819425690458696,
    "wf_Q_A_Prob": 0.007401241966258217,
    "wf_Q_A_Prob_normalised": 0.4447387365527797,
    "wf_Q_A_ROUGE": 0.8150997150997151,
    "wf_Truth_Ratio": 0.6101999371056208
}