{
    "exact_memorization": 0.08396817285567522,
    "extraction_strength": 0.03276837462556986,
    "forget_Q_A_PARA_Prob": 0.045995284873060885,
    "forget_Q_A_PARA_ROUGE": 0.2609568342947478,
    "forget_Q_A_PERT_Prob": 0.031023907989991127,
    "forget_Q_A_PERT_ROUGE": 0.23842751894437192,
    "forget_Q_A_Prob": 0.05409587598172948,
    "forget_Q_A_ROUGE": 0.307193003567645,
    "forget_Q_A_gibberish": 0.6584253225801513,
    "forget_quality": 2.5496506594547965e-08,
    "forget_truth_ratio": 0.62814838881219,
    "mia_gradnorm": 0.1497,
    "mia_loss": 0.06383749999999999,
    "mia_min_k": 0.59538125,
    "mia_min_k_plus_plus": 0.6389,
    "mia_zlib": 0.07271249999999999,
    "model_utility": 0.5138691295746141,
    "privleak": -34.462756367036455,
    "ra_Q_A_PERT_Prob": 0.011783622702326585,
    "ra_Q_A_Prob": 0.02308959599613445,
    "ra_Q_A_Prob_normalised": 0.3797926761053212,
    "ra_Q_A_ROUGE": 0.5228333333333333,
    "ra_Truth_Ratio": 0.4780311768904616,
    "retain_Q_A_PARA_Prob": 0.1149326298222877,
    "retain_Q_A_PERT_Prob": 0.05716804382883653,
    "retain_Q_A_Prob": 0.6217510854266584,
    "retain_Q_A_ROUGE": 0.5750934782694516,
    "retain_Truth_Ratio": 0.4545171123867581,
    "wf_Q_A_PERT_Prob": 0.006016180146134336,
    "wf_Q_A_Prob": 0.015424429516233665,
    "wf_Q_A_Prob_normalised": 0.4295068974777615,
    "wf_Q_A_ROUGE": 0.7692307692307693,
    "wf_Truth_Ratio": 0.5878876284458048
}