{
    "exact_memorization": 0.35624600634910164,
    "extraction_strength": 0.04148735051526871,
    "forget_Q_A_PARA_Prob": 0.008423798930771227,
    "forget_Q_A_PARA_ROUGE": 0.18717648762384942,
    "forget_Q_A_PERT_Prob": 0.006616231907815745,
    "forget_Q_A_PERT_ROUGE": 0.18493861850720614,
    "forget_Q_A_Prob": 0.03515233726346196,
    "forget_Q_A_ROUGE": 0.23805423193361697,
    "forget_Q_A_gibberish": 0.40666878615928,
    "forget_quality": 0.04457247091405896,
    "forget_truth_ratio": 0.6148948526824269,
    "mia_gradnorm": 0.028571874999999997,
    "mia_loss": 0.17452499999999999,
    "mia_min_k": 0.20178125,
    "mia_min_k_plus_plus": 0.5600437500000001,
    "mia_zlib": 0.13153750000000003,
    "model_utility": 0.5444443036127391,
    "privleak": 29.28974913983685,
    "ra_Q_A_PERT_Prob": 0.004559885358282827,
    "ra_Q_A_Prob": 0.011701422297264799,
    "ra_Q_A_Prob_normalised": 0.4324020467987408,
    "ra_Q_A_ROUGE": 0.6395000000000001,
    "ra_Truth_Ratio": 0.5567700376539065,
    "retain_Q_A_PARA_Prob": 0.06552691717894049,
    "retain_Q_A_PERT_Prob": 0.030741248681022834,
    "retain_Q_A_Prob": 0.617848978578113,
    "retain_Q_A_ROUGE": 0.5306714973868047,
    "retain_Truth_Ratio": 0.4843471459949636,
    "wf_Q_A_PERT_Prob": 0.002578620883820756,
    "wf_Q_A_Prob": 0.006262367174067971,
    "wf_Q_A_Prob_normalised": 0.413030055485843,
    "wf_Q_A_ROUGE": 0.8678062678062678,
    "wf_Truth_Ratio": 0.5823643245155554
}