{
    "exact_memorization": 0.5661865055561066,
    "extraction_strength": 0.08925185723493816,
    "forget_Q_A_PARA_Prob": 0.00429381726345401,
    "forget_Q_A_PARA_ROUGE": 0.18021702042339413,
    "forget_Q_A_PERT_Prob": 0.0037385967355769234,
    "forget_Q_A_PERT_ROUGE": 0.17492250580163562,
    "forget_Q_A_Prob": 0.014629266773505869,
    "forget_Q_A_ROUGE": 0.24924631308102757,
    "forget_Q_A_gibberish": 0.8721586026996374,
    "forget_quality": 0.01260422744087484,
    "forget_truth_ratio": 0.5742514662263267,
    "mia_gradnorm": 0.0795,
    "mia_loss": 0.026956249999999994,
    "mia_min_k": 0.02285,
    "mia_min_k_plus_plus": 0.021043749999999986,
    "mia_zlib": 0.059537499999999986,
    "model_utility": 0.5781398484185136,
    "privleak": 58.27174990451349,
    "ra_Q_A_PERT_Prob": 0.00539392249162764,
    "ra_Q_A_Prob": 0.01693709718581886,
    "ra_Q_A_Prob_normalised": 0.425631538069974,
    "ra_Q_A_ROUGE": 0.742,
    "ra_Truth_Ratio": 0.5405210541364928,
    "retain_Q_A_PARA_Prob": 0.08849557016743347,
    "retain_Q_A_PERT_Prob": 0.03920220238345726,
    "retain_Q_A_Prob": 0.741720103546977,
    "retain_Q_A_ROUGE": 0.5486634678204299,
    "retain_Truth_Ratio": 0.5098081036542235,
    "wf_Q_A_PERT_Prob": 0.0015051427189191767,
    "wf_Q_A_Prob": 0.006248524564894674,
    "wf_Q_A_Prob_normalised": 0.4695883602397532,
    "wf_Q_A_ROUGE": 0.8136752136752137,
    "wf_Truth_Ratio": 0.653990065042825
}