{
    "exact_memorization": 0.4313382464833558,
    "extraction_strength": 0.047138486672972026,
    "forget_Q_A_PARA_Prob": 0.0090792222615255,
    "forget_Q_A_PARA_ROUGE": 0.11661004468458615,
    "forget_Q_A_PERT_Prob": 0.010833260898276423,
    "forget_Q_A_PERT_ROUGE": 0.11632828641613459,
    "forget_Q_A_Prob": 0.016588521568335183,
    "forget_Q_A_ROUGE": 0.14546562833346294,
    "forget_Q_A_gibberish": 0.9181885388866067,
    "forget_quality": 0.0013468720321565051,
    "forget_truth_ratio": 0.6570627186345448,
    "mia_gradnorm": 0.07842812500000002,
    "mia_loss": 0.029068749999999994,
    "mia_min_k": 0.028806249999999988,
    "mia_min_k_plus_plus": 0.166675,
    "mia_zlib": 0.06025624999999999,
    "model_utility": 0.5658297227828776,
    "privleak": 57.306999241593495,
    "ra_Q_A_PERT_Prob": 0.009362398494631633,
    "ra_Q_A_Prob": 0.020047693656742922,
    "ra_Q_A_Prob_normalised": 0.3966134799264791,
    "ra_Q_A_ROUGE": 0.7745000000000001,
    "ra_Truth_Ratio": 0.5044735847845431,
    "retain_Q_A_PARA_Prob": 0.09816739326459356,
    "retain_Q_A_PERT_Prob": 0.044490771633006486,
    "retain_Q_A_Prob": 0.7715806353092194,
    "retain_Q_A_ROUGE": 0.6527591751726615,
    "retain_Truth_Ratio": 0.49515705251022607,
    "wf_Q_A_PERT_Prob": 0.004382804549355459,
    "wf_Q_A_Prob": 0.011845609567918807,
    "wf_Q_A_Prob_normalised": 0.4358616315484836,
    "wf_Q_A_ROUGE": 0.7923076923076924,
    "wf_Truth_Ratio": 0.5857969392745636
}