{
    "exact_memorization": 0.4963392291404307,
    "extraction_strength": 0.03757226885024303,
    "forget_Q_A_PARA_Prob": 0.017208884108476923,
    "forget_Q_A_PARA_ROUGE": 0.24353637434184308,
    "forget_Q_A_PERT_Prob": 0.024688317964406452,
    "forget_Q_A_PERT_ROUGE": 0.241784955132682,
    "forget_Q_A_Prob": 0.014715729055860721,
    "forget_Q_A_ROUGE": 0.2955145169745657,
    "forget_Q_A_gibberish": 0.8593108739191666,
    "forget_quality": 6.916893189690245e-21,
    "forget_truth_ratio": 0.5777510696775563,
    "mia_gradnorm": 0.08617499999999999,
    "mia_loss": 0.01674999999999999,
    "mia_min_k": 0.01693749999999998,
    "mia_min_k_plus_plus": 0.08370625,
    "mia_zlib": 0.05052500000000001,
    "model_utility": 0.5601828206533902,
    "privleak": 59.22941425616338,
    "ra_Q_A_PERT_Prob": 0.010496438366336631,
    "ra_Q_A_Prob": 0.02214579264764325,
    "ra_Q_A_Prob_normalised": 0.39071706877656054,
    "ra_Q_A_ROUGE": 0.7678333333333334,
    "ra_Truth_Ratio": 0.5057564637550961,
    "retain_Q_A_PARA_Prob": 0.09631980901001952,
    "retain_Q_A_PERT_Prob": 0.04460703406192341,
    "retain_Q_A_Prob": 0.7523160150647163,
    "retain_Q_A_ROUGE": 0.6265246466105566,
    "retain_Truth_Ratio": 0.4820673487332221,
    "wf_Q_A_PERT_Prob": 0.0027100524664506374,
    "wf_Q_A_Prob": 0.006958330019306542,
    "wf_Q_A_Prob_normalised": 0.42825471062115744,
    "wf_Q_A_ROUGE": 0.8176638176638177,
    "wf_Truth_Ratio": 0.5990193711312498
}